text,topic
"New AI model breaks performance records on benchmarks",technology
"World Cup qualifier ends in dramatic draw",sport
"Election polls show tight race in swing states",politics
"Researchers identify gene tied to rare disease",health
"Cybersecurity firm warns of new ransomware variant",technology
"Marathon runner sets new world record",sport
"Foreign minister meets allies amid tensions",politics
"Vaccine rollout begins in rural communities",health
"Programmers debate merits of new framework",technology
"Cycling tour stage decided in sprint finish",sport
"Senate passes sweeping infrastructure bill",politics
"New cancer treatment shows promising trial results",health
"Quantum computing startup raises huge funding round",technology
"Olympic committee announces new host city",sport
"Protests erupt over controversial new law",politics
"FDA approves novel diabetes medication",health
"Cloud provider launches new GPU instance type",technology
"Boxing champion retires after long career",sport
"Mayor announces reelection campaign",politics
"New guidelines released for blood pressure care",health
"New AI model breaks performance records on benchmarks",technology
"World Cup qualifier ends in dramatic draw",sport
"Election polls show tight race in swing states",politics
"Researchers identify gene tied to rare disease",health
"Cybersecurity firm warns of new ransomware variant",technology
"Marathon runner sets new world record",sport
"Foreign minister meets allies amid tensions",politics
"Vaccine rollout begins in rural communities",health
"Programmers debate merits of new framework",technology
"Cycling tour stage decided in sprint finish",sport
"Senate passes sweeping infrastructure bill",politics
"New cancer treatment shows promising trial results",health
"Quantum computing startup raises huge funding round",technology
"Olympic committee announces new host city",sport
"Protests erupt over controversial new law",politics
"FDA approves novel diabetes medication",health
"Cloud provider launches new GPU instance type",technology
"Boxing champion retires after long career",sport
"Mayor announces reelection campaign",politics
"New guidelines released for blood pressure care",health
"New AI model breaks performance records on benchmarks",technology
"World Cup qualifier ends in dramatic draw",sport
"Election polls show tight race in swing states",politics
"Researchers identify gene tied to rare disease",health
"Cybersecurity firm warns of new ransomware variant",technology
"Marathon runner sets new world record",sport
"Foreign minister meets allies amid tensions",politics
"Vaccine rollout begins in rural communities",health
"Programmers debate merits of new framework",technology
"Cycling tour stage decided in sprint finish",sport
"Senate passes sweeping infrastructure bill",politics
"New cancer treatment shows promising trial results",health
"Quantum computing startup raises huge funding round",technology
"Olympic committee announces new host city",sport
"Protests erupt over controversial new law",politics
"FDA approves novel diabetes medication",health
"Cloud provider launches new GPU instance type",technology
"Boxing champion retires after long career",sport
"Mayor announces reelection campaign",politics
"New guidelines released for blood pressure care",health
"New AI model breaks performance records on benchmarks",technology
"World Cup qualifier ends in dramatic draw",sport
"Election polls show tight race in swing states",politics
"Researchers identify gene tied to rare disease",health
"Cybersecurity firm warns of new ransomware variant",technology
"Marathon runner sets new world record",sport
"Foreign minister meets allies amid tensions",politics
"Vaccine rollout begins in rural communities",health
"Programmers debate merits of new framework",technology
"Cycling tour stage decided in sprint finish",sport
"Senate passes sweeping infrastructure bill",politics
"New cancer treatment shows promising trial results",health
"Quantum computing startup raises huge funding round",technology
"Olympic committee announces new host city",sport
"Protests erupt over controversial new law",politics
"FDA approves novel diabetes medication",health
"Cloud provider launches new GPU instance type",technology
"Boxing champion retires after long career",sport
"Mayor announces reelection campaign",politics
"New guidelines released for blood pressure care",health
"New AI model breaks performance records on benchmarks",technology
"World Cup qualifier ends in dramatic draw",sport
"Election polls show tight race in swing states",politics
"Researchers identify gene tied to rare disease",health
"Cybersecurity firm warns of new ransomware variant",technology
"Marathon runner sets new world record",sport
"Foreign minister meets allies amid tensions",politics
"Vaccine rollout begins in rural communities",health
"Programmers debate merits of new framework",technology
"Cycling tour stage decided in sprint finish",sport
"Senate passes sweeping infrastructure bill",politics
"New cancer treatment shows promising trial results",health
"Quantum computing startup raises huge funding round",technology
"Olympic committee announces new host city",sport
"Protests erupt over controversial new law",politics
"FDA approves novel diabetes medication",health
"Cloud provider launches new GPU instance type",technology
"Boxing champion retires after long career",sport
"Mayor announces reelection campaign",politics
"New guidelines released for blood pressure care",health
"New AI model breaks performance records on benchmarks",technology
"World Cup qualifier ends in dramatic draw",sport
"Election polls show tight race in swing states",politics
"Researchers identify gene tied to rare disease",health
"Cybersecurity firm warns of new ransomware variant",technology
"Marathon runner sets new world record",sport
"Foreign minister meets allies amid tensions",politics
"Vaccine rollout begins in rural communities",health
"Programmers debate merits of new framework",technology
"Cycling tour stage decided in sprint finish",sport
"Senate passes sweeping infrastructure bill",politics
"New cancer treatment shows promising trial results",health
"Quantum computing startup raises huge funding round",technology
"Olympic committee announces new host city",sport
"Protests erupt over controversial new law",politics
"FDA approves novel diabetes medication",health
"Cloud provider launches new GPU instance type",technology
"Boxing champion retires after long career",sport
"Mayor announces reelection campaign",politics
"New guidelines released for blood pressure care",health
"New AI model breaks performance records on benchmarks",technology
"World Cup qualifier ends in dramatic draw",sport
"Election polls show tight race in swing states",politics
"Researchers identify gene tied to rare disease",health
"Cybersecurity firm warns of new ransomware variant",technology
"Marathon runner sets new world record",sport
"Foreign minister meets allies amid tensions",politics
"Vaccine rollout begins in rural communities",health
"Programmers debate merits of new framework",technology
"Cycling tour stage decided in sprint finish",sport
"Senate passes sweeping infrastructure bill",politics
"New cancer treatment shows promising trial results",health
"Quantum computing startup raises huge funding round",technology
"Olympic committee announces new host city",sport
"Protests erupt over controversial new law",politics
"FDA approves novel diabetes medication",health
"Cloud provider launches new GPU instance type",technology
"Boxing champion retires after long career",sport
"Mayor announces reelection campaign",politics
"New guidelines released for blood pressure care",health
"New AI model breaks performance records on benchmarks",technology
"World Cup qualifier ends in dramatic draw",sport
"Election polls show tight race in swing states",politics
"Researchers identify gene tied to rare disease",health
"Cybersecurity firm warns of new ransomware variant",technology
"Marathon runner sets new world record",sport
"Foreign minister meets allies amid tensions",politics
"Vaccine rollout begins in rural communities",health
"Programmers debate merits of new framework",technology
"Cycling tour stage decided in sprint finish",sport
"Senate passes sweeping infrastructure bill",politics
"New cancer treatment shows promising trial results",health
"Quantum computing startup raises huge funding round",technology
"Olympic committee announces new host city",sport
"Protests erupt over controversial new law",politics
"FDA approves novel diabetes medication",health
"Cloud provider launches new GPU instance type",technology
"Boxing champion retires after long career",sport
"Mayor announces reelection campaign",politics
"New guidelines released for blood pressure care",health
"New AI model breaks performance records on benchmarks",technology
"World Cup qualifier ends in dramatic draw",sport
"Election polls show tight race in swing states",politics
"Researchers identify gene tied to rare disease",health
"Cybersecurity firm warns of new ransomware variant",technology
"Marathon runner sets new world record",sport
"Foreign minister meets allies amid tensions",politics
"Vaccine rollout begins in rural communities",health
"Programmers debate merits of new framework",technology
"Cycling tour stage decided in sprint finish",sport
"Senate passes sweeping infrastructure bill",politics
"New cancer treatment shows promising trial results",health
"Quantum computing startup raises huge funding round",technology
"Olympic committee announces new host city",sport
"Protests erupt over controversial new law",politics
"FDA approves novel diabetes medication",health
"Cloud provider launches new GPU instance type",technology
"Boxing champion retires after long career",sport
"Mayor announces reelection campaign",politics
"New guidelines released for blood pressure care",health
"New AI model breaks performance records on benchmarks",technology
"World Cup qualifier ends in dramatic draw",sport
"Election polls show tight race in swing states",politics
"Researchers identify gene tied to rare disease",health
"Cybersecurity firm warns of new ransomware variant",technology
"Marathon runner sets new world record",sport
"Foreign minister meets allies amid tensions",politics
"Vaccine rollout begins in rural communities",health
"Programmers debate merits of new framework",technology
"Cycling tour stage decided in sprint finish",sport
"Senate passes sweeping infrastructure bill",politics
"New cancer treatment shows promising trial results",health
"Quantum computing startup raises huge funding round",technology
"Olympic committee announces new host city",sport
"Protests erupt over controversial new law",politics
"FDA approves novel diabetes medication",health
"Cloud provider launches new GPU instance type",technology
"Boxing champion retires after long career",sport
"Mayor announces reelection campaign",politics
"New guidelines released for blood pressure care",health